primary_cluster	secondary_cluster	Domain	Phylum	Class	Order	Family	Genus	Species
93	93_1	Bacteria	Bacillota_A	Clostridia	Lachnospirales	Lachnospiraceae	UBA3402	UBA3402 sp022796015
148	148_6	Bacteria	Bacillota_A	Clostridia	Oscillospirales	Oscillospiraceae	Lawsonibacter	Lawsonibacter sp022798855
54	54_1	Bacteria	Bacillota_A	Clostridia	Christensenellales	CAG-917	CAG-475	CAG-475 sp910577815
8	8_1	Bacteria	Bacteroidota	Bacteroidia	Bacteroidales	Muribaculaceae	CAG-485	CAG-485 sp910578075
148	148_13	Bacteria	Bacillota_A	Clostridia	Oscillospirales	Oscillospiraceae	Lawsonibacter	Lawsonibacter sp022798855
151	151_2	Bacteria	Bacillota_A	Clostridia	Oscillospirales	Oscillospiraceae	Lawsonibacter	Lawsonibacter sp910585815
140	140_1	Bacteria	Bacillota_A	Clostridia	Lachnospirales	Lachnospiraceae	Acetatifactor	Acetatifactor sp910585665
148	148_16	Bacteria	Bacillota_A	Clostridia	Oscillospirales	Oscillospiraceae	Lawsonibacter	Lawsonibacter sp022798855
150	150_1	Bacteria	Bacillota_A	Clostridia	Oscillospirales	Oscillospiraceae	Lawsonibacter	Lawsonibacter sp910584605
151	151_9	Bacteria	Bacillota_A	Clostridia	Oscillospirales	Oscillospiraceae	Lawsonibacter	
148	148_19	Bacteria	Bacillota_A	Clostridia	Oscillospirales	Oscillospiraceae	Lawsonibacter	Lawsonibacter sp022798855
94	94_1	Bacteria	Bacillota_A	Clostridia	Lachnospirales	Lachnospiraceae	UBA3402	UBA3402 sp022795805
148	148_10	Bacteria	Bacillota_A	Clostridia	Oscillospirales	Oscillospiraceae	Lawsonibacter	Lawsonibacter sp022798855
55	55_1	Bacteria	Bacillota_A	Clostridia	Christensenellales	Borkfalkiaceae	Gallimonas	Gallimonas sp910578065
148	148_8	Bacteria	Bacillota_A	Clostridia	Oscillospirales	Oscillospiraceae	Lawsonibacter	Lawsonibacter sp022798855
151	151_20	Bacteria	Bacillota_A	Clostridia	Oscillospirales	Oscillospiraceae	Lawsonibacter	Lawsonibacter sp910585815
155	155_1	Bacteria	Bacillota_A	Clostridia	Oscillospirales	Oscillospiraceae	Pelethomonas	Pelethomonas sp022800665
104	104_1	Bacteria	Bacillota_A	Clostridia	Lachnospirales	Lachnospiraceae	UBA3282	UBA3282 sp003611805
50	50_1	Bacteria	Bacillota_A	Clostridia	Oscillospirales	Ruminococcaceae	UBA1405	UBA1405 sp910589145
148	148_15	Bacteria	Bacillota_A	Clostridia	Oscillospirales	Oscillospiraceae	Lawsonibacter	Lawsonibacter sp022798855
NA	NA	Bacteria	Bacillota_A	Clostridia	Oscillospirales	Oscillospiraceae	Dysosmobacter	Dysosmobacter sp910587705
151	151_18	Bacteria	Bacillota_A	Clostridia	Oscillospirales	Oscillospiraceae	Lawsonibacter	Lawsonibacter sp910585815
NA	NA	Bacteria	Bacillota_A	Clostridia	Oscillospirales	Oscillospiraceae	Lawsonibacter	Lawsonibacter sp910585815
68	68_1	Bacteria	Bacillota_A	Clostridia	Lachnospirales	Lachnospiraceae	14-2	14-2 sp009774455
163	163_2	Bacteria	Bacillota_A	Clostridia	Oscillospirales	Oscillospiraceae	Dysosmobacter	Dysosmobacter sp910583785
2	2_1	Bacteria	Bacillota	Bacilli	Lactobacillales	Lactobacillaceae	Lactobacillus	Lactobacillus johnsonii
148	148_17	Bacteria	Bacillota_A	Clostridia	Oscillospirales	Oscillospiraceae	Lawsonibacter	Lawsonibacter sp022798855
38	38_1	Bacteria	Bacillota_A	Clostridia	Christensenellales	UBA3700	MGBC100798	MGBC100798 sp910584975
170	170_2	Bacteria	Bacillota_A	Clostridia	Oscillospirales	Ruminococcaceae	Angelakisella	Angelakisella sp022795575
NA	NA	Bacteria	Bacillota_A	Clostridia	Lachnospirales	Anaerotignaceae	Coprocola	Coprocola sp910587735
165	165_1	Bacteria	Bacillota_A	Clostridia	Oscillospirales	Oscillospiraceae	Dysosmobacter	Dysosmobacter sp910588005
92	92_1	Bacteria	Bacillota_A	Clostridia	Lachnospirales	Lachnospiraceae	Clostridium_Q	Clostridium_Q sp009911305
87	87_1	Bacteria	Bacillota_A	Clostridia	Lachnospirales	Lachnospiraceae	Ventrimonas	Ventrimonas sp022799175
117	117_1	Bacteria	Bacillota_A	Clostridia	Lachnospirales	Lachnospiraceae	Merdisoma	Merdisoma sp910574835
164	164_1	Bacteria	Bacillota_A	Clostridia	Oscillospirales	Oscillospiraceae	Dysosmobacter	Dysosmobacter sp910583695
86	86_1	Bacteria	Bacillota_A	Clostridia	Lachnospirales	Lachnospiraceae	Ventrimonas	Ventrimonas sp910577765
77	77_1	Bacteria	Bacillota_A	Clostridia	Lachnospirales	Lachnospiraceae	Sporofaciens	Sporofaciens sp910575835
74	74_0	Bacteria	Bacillota_A	Clostridia	Lachnospirales	Lachnospiraceae	Sporofaciens	Sporofaciens sp910579015
56	56_1	Bacteria	Bacillota	Bacilli	RF39	UBA660	MGBC107952	MGBC107952 sp910578855
110	110_1	Bacteria	Bacillota_A	Clostridia	Lachnospirales	Lachnospiraceae	CAG-95	CAG-95 sp009911035
167	167_2	Bacteria	Bacillota_A	Clostridia	Oscillospirales	Oscillospiraceae	Dysosmobacter	Dysosmobacter sp000403435
148	148_9	Bacteria	Bacillota_A	Clostridia	Oscillospirales	Oscillospiraceae	Lawsonibacter	Lawsonibacter sp022798855
125	125_1	Bacteria	Bacillota_A	Clostridia	Lachnospirales	Lachnospiraceae	Kineothrix	Kineothrix sp011958945
166	166_1	Bacteria	Bacillota_A	Clostridia	Oscillospirales	Oscillospiraceae	Dysosmobacter	Dysosmobacter sp910585385
137	137_1	Bacteria	Bacillota_A	Clostridia	Lachnospirales	Lachnospiraceae	Acetatifactor	Acetatifactor sp910587755
NA	NA	Bacteria	Bacillota_A	Clostridia	Oscillospirales	Oscillospiraceae	Lawsonibacter	Lawsonibacter sp022798855
143	143_1	Bacteria	Bacillota_A	Clostridia	Lachnospirales	Lachnospiraceae	Acetatifactor	Acetatifactor sp910587555
116	116_1	Bacteria	Bacillota_A	Clostridia	Lachnospirales	Lachnospiraceae	Merdisoma	Merdisoma sp011959465
153	153_2	Bacteria	Bacillota_A	Clostridia	Oscillospirales	Oscillospiraceae	NSJ-51	NSJ-51 sp910585415
103	103_1	Bacteria	Bacillota_A	Clostridia	Lachnospirales	Lachnospiraceae	UBA3282	UBA3282 sp910575775
102	102_1	Bacteria	Bacillota_A	Clostridia	Lachnospirales	Lachnospiraceae	UBA3282	UBA3282 sp009774175
29	29_1	Bacteria	Bacillota	Bacilli	RF39	UBA660	CAG-582	CAG-582 sp910588195
151	151_19	Bacteria	Bacillota_A	Clostridia	Oscillospirales	Oscillospiraceae	Lawsonibacter	
89	89_0	Bacteria	Bacillota_A	Clostridia	Lachnospirales	Lachnospiraceae	Ventrimonas	Ventrimonas sp009911065
118	118_0	Bacteria	Bacillota_A	Clostridia	Lachnospirales	Lachnospiraceae	Merdisoma	Merdisoma sp009917555
76	76_1	Bacteria	Bacillota_A	Clostridia	Lachnospirales	Lachnospiraceae	Sporofaciens	Sporofaciens sp910585725
78	78_2	Bacteria	Bacillota_A	Clostridia	Lachnospirales	Lachnospiraceae	Sporofaciens	
120	120_1	Bacteria	Bacillota_A	Clostridia	Lachnospirales	Lachnospiraceae	1XD42-69	1XD42-69 sp011959925
108	108_1	Bacteria	Bacillota_A	Clostridia	Lachnospirales	Lachnospiraceae	Acetatifactor	Acetatifactor sp910579755
148	148_18	Bacteria	Bacillota_A	Clostridia	Oscillospirales	Oscillospiraceae	Lawsonibacter	Lawsonibacter sp022798855
151	151_21	Bacteria	Bacillota_A	Clostridia	Oscillospirales	Oscillospiraceae	Lawsonibacter	Lawsonibacter sp910585815
121	121_1	Bacteria	Bacillota_A	Clostridia	Lachnospirales	Lachnospiraceae	Butyribacter	Butyribacter sp910579085
156	156_2	Bacteria	Bacillota_A	Clostridia	Oscillospirales	Oscillospiraceae	Pelethomonas	Pelethomonas sp022795905
NA	NA	Bacteria	Bacillota_A	Clostridia	Oscillospirales	Oscillospiraceae	Lawsonibacter	Lawsonibacter sp022794495
133	133_1	Bacteria	Bacillota_A	Clostridia	Lachnospirales	Lachnospiraceae	COE1	COE1 sp000403215
92	92_2	Bacteria	Bacillota_A	Clostridia	Lachnospirales	Lachnospiraceae	Clostridium_Q	Clostridium_Q sp910575795
148	148_4	Bacteria	Bacillota_A	Clostridia	Oscillospirales	Oscillospiraceae	Lawsonibacter	Lawsonibacter sp022798855
164	164_4	Bacteria	Bacillota_A	Clostridia	Oscillospirales	Oscillospiraceae	Dysosmobacter	Dysosmobacter sp910587705
62	62_1	Bacteria	Bacillota_A	Clostridia	Oscillospirales	Butyricicoccaceae	QXXE01	QXXE01 sp910589115
14	14_1	Bacteria	Bacteroidota	Bacteroidia	Bacteroidales	Muribaculaceae	CAG-873	CAG-873 sp910587915
58	58_1	Bacteria	Bacillota_A	Clostridia	Lachnospirales	Lachnospiraceae	MGBC136627	MGBC136627 sp910585935
122	122_1	Bacteria	Bacillota_A	Clostridia	Lachnospirales	Lachnospiraceae	COE1	COE1 sp000403335
156	156_1	Bacteria	Bacillota_A	Clostridia	Oscillospirales	Oscillospiraceae	Pelethomonas	Pelethomonas sp022804995
149	149_1	Bacteria	Bacillota_A	Clostridia	Oscillospirales	Oscillospiraceae	Lawsonibacter	Lawsonibacter sp022794495
15	15_1	Bacteria	Bacteroidota	Bacteroidia	Bacteroidales	Muribaculaceae	CAG-873	CAG-873 sp009775265
78	78_1	Bacteria	Bacillota_A	Clostridia	Lachnospirales	Lachnospiraceae	Sporofaciens	Sporofaciens sp910574715
NA	NA	Bacteria	Bacillota_A	Clostridia	Lachnospirales	Lachnospiraceae	Schaedlerella	Schaedlerella arabinosiphila
107	107_1	Bacteria	Bacillota_A	Clostridia	Lachnospirales	Lachnospiraceae	UBA3282	UBA3282 sp009774655
47	47_1	Bacteria	Bacillota_A	Clostridia	Christensenellales	Pumilibacteraceae	Pumilibacter	Pumilibacter sp022791915
142	142_1	Bacteria	Bacillota_A	Clostridia	Lachnospirales	Lachnospiraceae	Acetatifactor	Acetatifactor sp011959105
71	71_0	Bacteria	Bacillota_A	Clostridia	Lachnospirales	Lachnospiraceae	14-2	14-2 sp910580015
158	158_1	Bacteria	Bacillota_A	Clostridia	Oscillospirales	Oscillospiraceae	Pelethomonas	Pelethomonas sp910587785
129	129_1	Bacteria	Bacillota_A	Clostridia	Lachnospirales	Lachnospiraceae	1XD8-76	1XD8-76 sp910573755
119	119_1	Bacteria	Bacillota_A	Clostridia	Lachnospirales	Lachnospiraceae	1XD42-69	1XD42-69 sp910589105
114	114_1	Bacteria	Bacillota_A	Clostridia	Lachnospirales	Lachnospiraceae	RGIG4284	RGIG4284 sp910576205
109	109_0	Bacteria	Bacillota_A	Clostridia	Lachnospirales	Lachnospiraceae	Acetatifactor	Acetatifactor muris
60	60_1	Bacteria	Bacillota	Bacilli	Erysipelotrichales	Coprobacillaceae	Thomasclavelia	Thomasclavelia cocleata
148	148_7	Bacteria	Bacillota_A	Clostridia	Oscillospirales	Oscillospiraceae	Lawsonibacter	Lawsonibacter sp022798855
144	144_1	Bacteria	Bacillota_A	Clostridia	Oscillospirales	Oscillospiraceae	CAJFPI01	
43	43_1	Bacteria	Bacillota_A	Clostridia	Oscillospirales	Ruminococcaceae	Faecivivens	Faecivivens sp022793675
139	139_1	Bacteria	Bacillota_A	Clostridia	Lachnospirales	Lachnospiraceae	Acetatifactor	Acetatifactor sp910584235
40	40_1	Bacteria	Bacillota_A	Clostridia	Lachnospirales	Lachnospiraceae	VSOB01	VSOB01 sp910589075
168	168_0	Bacteria	Bacillota_A	Clostridia	Oscillospirales	Oscillospiraceae	Dysosmobacter	Dysosmobacter sp910589315
96	96_1	Bacteria	Bacillota_A	Clostridia	Lachnospirales	Lachnospiraceae	UBA3402	UBA3402 sp910574345
101	101_0	Bacteria	Bacillota_A	Clostridia	Lachnospirales	Lachnospiraceae	Choladocola	Choladocola sp910575445
126	126_1	Bacteria	Bacillota_A	Clostridia	Lachnospirales	Lachnospiraceae	MGBC164599	MGBC164599 sp910575625
148	148_3	Bacteria	Bacillota_A	Clostridia	Oscillospirales	Oscillospiraceae	Lawsonibacter	Lawsonibacter sp022798855
162	162_1	Bacteria	Bacillota_A	Clostridia	Oscillospirales	Oscillospiraceae	Dysosmobacter	Dysosmobacter sp910575815
159	159_1	Bacteria	Bacillota_A	Clostridia	Oscillospirales	Oscillospiraceae	Pelethomonas	Pelethomonas sp910579965
32	32_1	Bacteria	Actinomycetota	Coriobacteriia	Coriobacteriales	Eggerthellaceae	Adlercreutzia	Adlercreutzia caecimuris
67	67_1	Bacteria	Bacillota_A	Clostridia	Lachnospirales	Lachnospiraceae	1XD42-69	1XD42-69 sp009911505
111	111_1	Bacteria	Bacillota_A	Clostridia	Lachnospirales	Lachnospiraceae	CAG-95	CAG-95 sp003612395
170	170_1	Bacteria	Bacillota_A	Clostridia	Oscillospirales	Ruminococcaceae	Angelakisella	Angelakisella sp022795575
145	145_1	Bacteria	Bacillota_A	Clostridia	Oscillospirales	Oscillospiraceae	Lawsonibacter	Lawsonibacter sp910577805
132	132_0	Bacteria	Bacillota_A	Clostridia	Lachnospirales	Lachnospiraceae	Lachnoclostridium_B	Lachnoclostridium_B sp910574185
79	79_1	Bacteria	Bacillota_A	Clostridia	Lachnospirales	Lachnospiraceae	Sporofaciens	Sporofaciens sp910574885
81	81_1	Bacteria	Bacillota_A	Clostridia	Lachnospirales	Lachnospiraceae	Caccovicinus	Caccovicinus sp009774615
62	62_2	Bacteria	Bacillota_A	Clostridia	Oscillospirales	Butyricicoccaceae	QXXE01	QXXE01 sp910589115
NA	NA	Bacteria	Bacillota_A	Clostridia	Lachnospirales	Lachnospiraceae	UBA3282	UBA3282 sp009774655
63	63_1	Bacteria	Bacillota_A	Clostridia	Lachnospirales	Lachnospiraceae	RGIG4057	RGIG4057 sp910577675
136	136_1	Bacteria	Bacillota_A	Clostridia	Oscillospirales	Oscillospiraceae	Marseille-P3106	Marseille-P3106 sp910587345
41	41_1	Bacteria	Bacillota_A	Clostridia	Christensenellales	Borkfalkiaceae	Gallimonas	Gallimonas sp910589015
39	39_1	Bacteria	Bacillota_B	Dehalobacteriia	UBA4068	UBA5755	Avidehalobacter	Avidehalobacter sp022797295
5	5_1	Bacteria	Pseudomonadota	Gammaproteobacteria	Burkholderiales	Burkholderiaceae_A	Parasutterella	Parasutterella excrementihominis
80	80_1	Bacteria	Bacillota_A	Clostridia	Lachnospirales	Lachnospiraceae	Sporofaciens	Sporofaciens sp910579925
172	172_0	Bacteria	Bacillota_A	Clostridia	Oscillospirales	CAG-272	Avispirillum	
138	138_1	Bacteria	Bacillota_A	Clostridia	Lachnospirales	Lachnospiraceae	Acetatifactor	Acetatifactor sp003612485
13	13_1	Bacteria	Bacteroidota	Bacteroidia	Bacteroidales	Muribaculaceae	CAG-873	
35	35_0	Bacteria	Bacillota_A	Clostridia	TANB77	CAG-508	CAG-269	
163	163_1	Bacteria	Bacillota_A	Clostridia	Oscillospirales	Oscillospiraceae	Dysosmobacter	Dysosmobacter sp910583785
31	31_0	Bacteria	Bacillota	Bacilli	RF39	UBA660	MGBC162267	
91	91_0	Bacteria	Bacillota_A	Clostridia	Lachnospirales	Lachnospiraceae	UBA3402	UBA3402 sp910585435
36	36_0	Bacteria	Bacillota_A	Clostridia	TANB77	CAG-508	RGIG8482	RGIG8482 sp022799315
37	37_0	Bacteria	Bacillota_A	Clostridia	TANB77	CAG-508	JAAWPK01	
30	30_1	Bacteria	Bacillota	Bacilli	RF39	UBA660	MGBC162267	MGBC162267 sp022793555
171	171_0	Bacteria	Bacillota_A	Clostridia	Christensenellales	Christensenellaceae	QANA01	QANA01 sp910588425
147	147_1	Bacteria	Bacillota_A	Clostridia	Oscillospirales	Oscillospiraceae	Lawsonibacter	Lawsonibacter sp910589085
75	75_0	Bacteria	Bacillota_A	Clostridia	Lachnospirales	Lachnospiraceae	Sporofaciens	Sporofaciens sp000403455
173	173_0	Bacteria	Bacillota_A	Clostridia	Lachnospirales	Anaerotignaceae	Anaerotignum	Anaerotignum sp910576545
83	83_1	Bacteria	Bacillota_A	Clostridia	Oscillospirales	Ruminococcaceae	Anaerotruncus	Anaerotruncus sp000403395
48	48_1	Bacteria	Bacillota_A	Clostridia	Christensenellales	Pumilibacteraceae	Pumilibacter	Pumilibacter sp910579245
11	11_1	Bacteria	Bacteroidota	Bacteroidia	Bacteroidales	Muribaculaceae	Paramuribaculum	
59	59_1	Bacteria	Bacillota	Bacilli	Erysipelotrichales	Coprobacillaceae	MGBC163490	MGBC163490 sp910588075
61	61_0	Bacteria	Bacillota	Bacilli	Erysipelotrichales	Erysipelotrichaceae	C-19	C-19 sp910576855
99	99_1	Bacteria	Bacillota_A	Clostridia	Lachnospirales	Lachnospiraceae	Choladocola	Choladocola sp910583895
153	153_1	Bacteria	Bacillota_A	Clostridia	Oscillospirales	Oscillospiraceae	NSJ-51	NSJ-51 sp910585415
90	90_1	Bacteria	Bacillota_A	Clostridia	Lachnospirales	Lachnospiraceae	UBA3402	UBA3402 sp910588325
98	98_1	Bacteria	Bacillota_A	Clostridia	Lachnospirales	Lachnospiraceae	Choladocola	Choladocola sp910574965
112	112_1	Bacteria	Bacillota_A	Clostridia	Lachnospirales	Lachnospiraceae	CAG-95	CAG-95 sp910579425
133	133_2	Bacteria	Bacillota_A	Clostridia	Lachnospirales	Lachnospiraceae	COE1	COE1 sp000403215
151	151_8	Bacteria	Bacillota_A	Clostridia	Oscillospirales	Oscillospiraceae	Lawsonibacter	
22	22_1	Bacteria	Bacteroidota	Bacteroidia	Bacteroidales	Muribaculaceae	UBA7173	UBA7173 sp001689685
17	17_1	Bacteria	Bacteroidota	Bacteroidia	Bacteroidales	Muribaculaceae	UBA7173	UBA7173 sp002491305
88	88_1	Bacteria	Bacillota_A	Clostridia	Lachnospirales	Lachnospiraceae	Ventrimonas	Ventrimonas sp910575255
164	164_5	Bacteria	Bacillota_A	Clostridia	Oscillospirales	Oscillospiraceae	Dysosmobacter	Dysosmobacter sp009774015
72	72_1	Bacteria	Bacillota_A	Clostridia	Lachnospirales	Lachnospiraceae	Schaedlerella	Schaedlerella sp000403295
NA	NA	Bacteria	Bacillota_A	Clostridia	Lachnospirales	Lachnospiraceae	Choladocola	Choladocola sp009774145
46	46_1	Bacteria	Bacillota_A	Clostridia	Christensenellales	Pumilibacteraceae	Anaerocaecibacter	Anaerocaecibacter sp910577945
26	26_1	Bacteria	Bacteroidota	Bacteroidia	Bacteroidales	Muribaculaceae	Duncaniella	Duncaniella sp910577345
NA	NA	Bacteria	Bacillota_A	Clostridia	Oscillospirales	Oscillospiraceae	Lawsonibacter	
7	7_1	Bacteria	Bacteroidota	Bacteroidia	Bacteroidales	Muribaculaceae	CAG-485	CAG-485 sp009775355
64	64_1	Bacteria	Bacillota_A	Clostridia	Lachnospirales	Lachnospiraceae	Eubacterium_J	Eubacterium_J sp910574915
164	164_2	Bacteria	Bacillota_A	Clostridia	Oscillospirales	Oscillospiraceae	Dysosmobacter	Dysosmobacter sp910587705
151	151_10	Bacteria	Bacillota_A	Clostridia	Oscillospirales	Oscillospiraceae	Lawsonibacter	
123	123_1	Bacteria	Bacillota_A	Clostridia	Lachnospirales	Lachnospiraceae	COE1	COE1 sp009774395
113	113_1	Bacteria	Bacillota_A	Clostridia	Lachnospirales	Lachnospiraceae	CAG-95	CAG-95 sp009917455
NA	NA	Bacteria	Bacillota_A	Clostridia	Lachnospirales	Lachnospiraceae	Acetatifactor	Acetatifactor sp910585425
65	65_1	Bacteria	Bacillota_A	Clostridia	Lachnospirales	Lachnospiraceae	Eubacterium_J	Eubacterium_J sp910579075
66	66_1	Bacteria	Bacillota_A	Clostridia	Lachnospirales	Lachnospiraceae	Eubacterium_J	Eubacterium_J sp009774535
135	135_1	Bacteria	Bacillota_A	Clostridia	Lachnospirales	Lachnospiraceae	COE1	COE1 sp910585765
3	3_1	Bacteria	Bacillota	Bacilli	Lactobacillales	Lactobacillaceae	Limosilactobacillus	Limosilactobacillus reuteri
161	161_1	Bacteria	Bacillota_A	Clostridia	Oscillospirales	Oscillospiraceae	Pelethomonas	Pelethomonas sp910588365
151	151_11	Bacteria	Bacillota_A	Clostridia	Oscillospirales	Oscillospiraceae	Lawsonibacter	
152	152_1	Bacteria	Bacillota_A	Clostridia	Oscillospirales	Oscillospiraceae	Enterenecus	Enterenecus sp910587255
151	151_15	Bacteria	Bacillota_A	Clostridia	Oscillospirales	Oscillospiraceae	Lawsonibacter	Lawsonibacter sp910585815
57	57_1	Bacteria	Bacillota_B	Peptococcia	Peptococcales	Peptococcaceae	UBA7185	UBA7185 sp910585405
151	151_1	Bacteria	Bacillota_A	Clostridia	Oscillospirales	Oscillospiraceae	Lawsonibacter	Lawsonibacter sp910585815
148	148_1	Bacteria	Bacillota_A	Clostridia	Oscillospirales	Oscillospiraceae	Lawsonibacter	Lawsonibacter sp022798855
100	100_1	Bacteria	Bacillota_A	Clostridia	Lachnospirales	Lachnospiraceae	Choladocola	Choladocola sp009774145
141	141_2	Bacteria	Bacillota_A	Clostridia	Lachnospirales	Lachnospiraceae	Acetatifactor	Acetatifactor sp910585425
42	42_1	Bacteria	Bacillota_A	Clostridia	Christensenellales	Borkfalkiaceae	Coproplasma	Coproplasma sp013316055
NA	NA	Bacteria	Bacillota_A	Clostridia	Oscillospirales	Oscillospiraceae	Dysosmobacter	Dysosmobacter sp000403435
164	164_6	Bacteria	Bacillota_A	Clostridia	Oscillospirales	Oscillospiraceae	Dysosmobacter	Dysosmobacter sp009774015
146	146_1	Bacteria	Bacillota_A	Clostridia	Oscillospirales	Oscillospiraceae	Lawsonibacter	Lawsonibacter sp910588635
157	157_1	Bacteria	Bacillota_A	Clostridia	Oscillospirales	Oscillospiraceae	Pelethomonas	Pelethomonas sp014237695
20	20_1	Bacteria	Bacteroidota	Bacteroidia	Bacteroidales	Muribaculaceae	Duncaniella	Duncaniella sp910578515
151	151_14	Bacteria	Bacillota_A	Clostridia	Oscillospirales	Oscillospiraceae	Lawsonibacter	
148	148_12	Bacteria	Bacillota_A	Clostridia	Oscillospirales	Oscillospiraceae	Lawsonibacter	Lawsonibacter sp022798855
149	149_2	Bacteria	Bacillota_A	Clostridia	Oscillospirales	Oscillospiraceae	Lawsonibacter	Lawsonibacter sp022794495
10	10_1	Bacteria	Bacteroidota	Bacteroidia	Bacteroidales	Muribaculaceae	CAG-873	CAG-873 sp009775535
151	151_5	Bacteria	Bacillota_A	Clostridia	Oscillospirales	Oscillospiraceae	Lawsonibacter	
73	73_2	Bacteria	Bacillota_A	Clostridia	Lachnospirales	Lachnospiraceae	Schaedlerella	Schaedlerella arabinosiphila
84	84_1	Bacteria	Bacillota_A	Clostridia	Lachnospirales	Lachnospiraceae	Caccovicinus	Caccovicinus sp910585635
19	19_1	Bacteria	Bacteroidota	Bacteroidia	Bacteroidales	Muribaculaceae	Paramuribaculum	Paramuribaculum sp910579675
34	34_1	Bacteria	Bacillota_A	Clostridia	TANB77	CAG-508	Scatovivens	Scatovivens sp022790685
9	9_1	Bacteria	Bacteroidota	Bacteroidia	Bacteroidales	Muribaculaceae	CAG-485	CAG-485 sp002362485
95	95_1	Bacteria	Bacillota_A	Clostridia	Lachnospirales	Lachnospiraceae	UBA3402	UBA3402 sp910575585
24	24_1	Bacteria	Bacteroidota	Bacteroidia	Bacteroidales	Muribaculaceae	Duncaniella	Duncaniella sp910576785
169	169_1	Bacteria	Bacillota_A	Clostridia	Oscillospirales	Acutalibacteraceae	Acutalibacter	Acutalibacter muris
25	25_1	Bacteria	Bacteroidota	Bacteroidia	Bacteroidales	Muribaculaceae	Duncaniella	Duncaniella sp910589485
115	115_1	Bacteria	Bacillota_A	Clostridia	Lachnospirales	Lachnospiraceae	CAG-95	CAG-95 sp910579685
1	1_1	Bacteria	Pseudomonadota	Gammaproteobacteria	Enterobacterales	Enterobacteriaceae	Escherichia	Escherichia coli
4	4_1	Bacteria	Verrucomicrobiota	Verrucomicrobiae	Verrucomicrobiales	Akkermansiaceae	Akkermansia	Akkermansia muciniphila
33	33_1	Bacteria	Bacillota_A	Clostridia	Lachnospirales	Anaerotignaceae	Coprocola	Coprocola sp910587735
160	160_1	Bacteria	Bacillota_A	Clostridia	Oscillospirales	Oscillospiraceae	Pelethomonas	Pelethomonas sp910577915
51	51_1	Bacteria	Bacillota_A	Clostridia	Christensenellales	Borkfalkiaceae	Coproplasma	Coproplasma sp003979335
53	53_1	Bacteria	Bacillota_A	Clostridia	Christensenellales	UBA3700	RACS-045	RACS-045 sp910584635
97	97_1	Bacteria	Bacillota_A	Clostridia	Lachnospirales	Lachnospiraceae	UBA3402	UBA3402 sp910588865
154	154_1	Bacteria	Bacillota_A	Clostridia	Oscillospirales	Oscillospiraceae	Pelethomonas	Pelethomonas sp910587645
70	70_1	Bacteria	Bacillota_A	Clostridia	Lachnospirales	Lachnospiraceae	14-2	14-2 sp004793545
69	69_1	Bacteria	Bacillota_A	Clostridia	Lachnospirales	Lachnospiraceae	14-2	14-2 sp000403315
27	27_1	Bacteria	Bacteroidota	Bacteroidia	Bacteroidales	Muribaculaceae	Duncaniella	Duncaniella muris
127	127_1	Bacteria	Bacillota_A	Clostridia	Lachnospirales	Lachnospiraceae	1XD8-76	1XD8-76 sp910578085
18	18_1	Bacteria	Bacteroidota	Bacteroidia	Bacteroidales	Muribaculaceae	CAG-873	
151	151_6	Bacteria	Bacillota_A	Clostridia	Oscillospirales	Oscillospiraceae	Lawsonibacter	
28	28_1	Bacteria	Bacillota	Bacilli	Acholeplasmatales	Anaeroplasmataceae	Pelethenecus	Pelethenecus sp910579215
12	12_1	Bacteria	Bacteroidota	Bacteroidia	Bacteroidales	Muribaculaceae	CAG-873	CAG-873 sp910586975
23	23_1	Bacteria	Bacteroidota	Bacteroidia	Bacteroidales	Muribaculaceae	Muribaculum	Muribaculum gordoncarteri
33	33_2	Bacteria	Bacillota_A	Clostridia	Lachnospirales	Anaerotignaceae	Coprocola	Coprocola sp910587735
124	124_1	Bacteria	Bacillota_A	Clostridia	Lachnospirales	Lachnospiraceae	Kineothrix	Kineothrix sp910588855
16	16_1	Bacteria	Bacteroidota	Bacteroidia	Bacteroidales	Muribaculaceae	CAG-873	CAG-873 sp910578095
45	45_1	Bacteria	Bacillota_A	Clostridia	Christensenellales	Pumilibacteraceae	Anaerocaecibacter	Anaerocaecibacter sp910577995
44	44_1	Bacteria	Bacillota_A	Clostridia	Christensenellales	Pumilibacteraceae	Anaerocaecibacter	Anaerocaecibacter muris
128	128_1	Bacteria	Bacillota_A	Clostridia	Lachnospirales	Lachnospiraceae	1XD8-76	1XD8-76 sp022799355
49	49_1	Bacteria	Bacillota_A	Clostridia	Christensenellales	Pumilibacteraceae	Pumilibacter	Pumilibacter muris
106	106_1	Bacteria	Bacillota_A	Clostridia	Lachnospirales	Lachnospiraceae	UBA3282	UBA3282 sp910586615
130	130_1	Bacteria	Bacillota_A	Clostridia	Lachnospirales	Lachnospiraceae	RGIG8607	RGIG8607 sp910588535
131	131_1	Bacteria	Bacillota_A	Clostridia	Lachnospirales	Lachnospiraceae	Acetatifactor	Acetatifactor sp910589655
105	105_1	Bacteria	Bacillota_A	Clostridia	Lachnospirales	Lachnospiraceae	UBA3282	UBA3282 sp910577735
82	82_1	Bacteria	Bacillota_A	Clostridia	Lachnospirales	Lachnospiraceae	UMGS1370	UMGS1370 sp910577645
6	6_1	Bacteria	Bacteroidota	Bacteroidia	Bacteroidales	Rikenellaceae	Alistipes	Alistipes sp002428825
21	21_1	Bacteria	Bacteroidota	Bacteroidia	Bacteroidales	Muribaculaceae	UBA7173	UBA7173 sp001689485
134	134_1	Bacteria	Bacillota_A	Clostridia	Lachnospirales	Lachnospiraceae	COE1	COE1 sp009774375
85	85_1	Bacteria	Bacillota_A	Clostridia	Lachnospirales	Lachnospiraceae	Ventrimonas	Ventrimonas sp910584845
52	52_1	Bacteria	Bacillota_A	Clostridia	Christensenellales	UBA3700	RACS-045	RACS-045 sp910579785
73	73_1	Bacteria	Bacillota_A	Clostridia	Lachnospirales	Lachnospiraceae	Schaedlerella	Schaedlerella arabinosiphila
